<?xml version="1.0" encoding="UTF-8"?>
<root>
  <item name="com.anthole.quickdev.ui.MultiStateView android.view.View getView(int) 0">
    <annotation name="android.support.annotation.IntDef">
      <val name="value" val="{com.anthole.quickdev.ui.MultiStateView.VIEW_STATE_CONTENT, com.anthole.quickdev.ui.MultiStateView.VIEW_STATE_ERROR, com.anthole.quickdev.ui.MultiStateView.VIEW_STATE_EMPTY, com.anthole.quickdev.ui.MultiStateView.VIEW_STATE_LOADING}" />
    </annotation>
  </item>
  <item name="com.anthole.quickdev.ui.MultiStateView int getViewState()">
    <annotation name="android.support.annotation.IntDef">
      <val name="value" val="{com.anthole.quickdev.ui.MultiStateView.VIEW_STATE_CONTENT, com.anthole.quickdev.ui.MultiStateView.VIEW_STATE_ERROR, com.anthole.quickdev.ui.MultiStateView.VIEW_STATE_EMPTY, com.anthole.quickdev.ui.MultiStateView.VIEW_STATE_LOADING}" />
    </annotation>
  </item>
  <item name="com.anthole.quickdev.ui.MultiStateView mViewState">
    <annotation name="android.support.annotation.IntDef">
      <val name="value" val="{com.anthole.quickdev.ui.MultiStateView.VIEW_STATE_CONTENT, com.anthole.quickdev.ui.MultiStateView.VIEW_STATE_ERROR, com.anthole.quickdev.ui.MultiStateView.VIEW_STATE_EMPTY, com.anthole.quickdev.ui.MultiStateView.VIEW_STATE_LOADING}" />
    </annotation>
  </item>
  <item name="com.anthole.quickdev.ui.MultiStateView void setViewForState(android.view.View, int) 1">
    <annotation name="android.support.annotation.IntDef">
      <val name="value" val="{com.anthole.quickdev.ui.MultiStateView.VIEW_STATE_CONTENT, com.anthole.quickdev.ui.MultiStateView.VIEW_STATE_ERROR, com.anthole.quickdev.ui.MultiStateView.VIEW_STATE_EMPTY, com.anthole.quickdev.ui.MultiStateView.VIEW_STATE_LOADING}" />
    </annotation>
  </item>
  <item name="com.anthole.quickdev.ui.MultiStateView void setViewForState(android.view.View, int, boolean) 1">
    <annotation name="android.support.annotation.IntDef">
      <val name="value" val="{com.anthole.quickdev.ui.MultiStateView.VIEW_STATE_CONTENT, com.anthole.quickdev.ui.MultiStateView.VIEW_STATE_ERROR, com.anthole.quickdev.ui.MultiStateView.VIEW_STATE_EMPTY, com.anthole.quickdev.ui.MultiStateView.VIEW_STATE_LOADING}" />
    </annotation>
  </item>
  <item name="com.anthole.quickdev.ui.MultiStateView void setViewForState(int, int) 1">
    <annotation name="android.support.annotation.IntDef">
      <val name="value" val="{com.anthole.quickdev.ui.MultiStateView.VIEW_STATE_CONTENT, com.anthole.quickdev.ui.MultiStateView.VIEW_STATE_ERROR, com.anthole.quickdev.ui.MultiStateView.VIEW_STATE_EMPTY, com.anthole.quickdev.ui.MultiStateView.VIEW_STATE_LOADING}" />
    </annotation>
  </item>
  <item name="com.anthole.quickdev.ui.MultiStateView void setViewForState(int, int, boolean) 1">
    <annotation name="android.support.annotation.IntDef">
      <val name="value" val="{com.anthole.quickdev.ui.MultiStateView.VIEW_STATE_CONTENT, com.anthole.quickdev.ui.MultiStateView.VIEW_STATE_ERROR, com.anthole.quickdev.ui.MultiStateView.VIEW_STATE_EMPTY, com.anthole.quickdev.ui.MultiStateView.VIEW_STATE_LOADING}" />
    </annotation>
  </item>
  <item name="com.anthole.quickdev.ui.MultiStateView void setViewState(int) 0">
    <annotation name="android.support.annotation.IntDef">
      <val name="value" val="{com.anthole.quickdev.ui.MultiStateView.VIEW_STATE_CONTENT, com.anthole.quickdev.ui.MultiStateView.VIEW_STATE_ERROR, com.anthole.quickdev.ui.MultiStateView.VIEW_STATE_EMPTY, com.anthole.quickdev.ui.MultiStateView.VIEW_STATE_LOADING}" />
    </annotation>
  </item>
</root>

